Name, Gender
AALI,male
\u0639\u0627\u0644\u064a ,male
AALIYAH,female
\u0639\u0627\u0644\u064a\u0629 ,female
AAMINA,female
\u0622\u0645\u0646\u0629 ,female
AAMINAH,female
\u0622\u0645\u0646\u0629 ,female
'AAMIR,male
\u0639\u0627\u0645\u0631 ,male
AAMIR,male
\u0622\u0645\u0631 ,male
'ABBAS,male
\u0639\u0628\u0651\u0627\u0633 ,male
ABBAS,male
\u0639\u0628\u0651\u0627\u0633 ,male
ABD AL-AZIZ,male
\u0639\u0628\u062f \u0627\u0644\u0639\u0632\u064a\u0632 ,male
ABD AL-HAMID,male
\u0639\u0628\u062f \u0627\u0644\u062d\u0645\u064a\u062f ,male
ABD AL-KADER,male
\u0639\u0628\u062f \u0627\u0644\u0642\u0627\u062f\u0631 ,male
ABD AL-KARIM,male
\u0639\u0628\u062f \u0627\u0644\u0643\u0631\u064a\u0645 ,male
ABD ALLAH,male
\u0639\u0628\u062f \u0627\u0644\u0644\u0647 ,male
ABD AL-LATIF,male
\u0639\u0628\u062f \u0627\u0644\u0644\u0637\u064a\u0641 ,male
ABD AL-MALIK,male
\u0639\u0628\u062f \u0627\u0644\u0645\u0644\u0643 ,male
ABD AL-QADIR,male
\u0639\u0628\u062f \u0627\u0644\u0642\u0627\u062f\u0631 ,male
ABD AL-RAHMAN,male
\u0639\u0628\u062f \u0627\u0644\u0631\u062d\u0645\u0646,male
 \u0639\u0628\u062f \u0627\u0644\u0631\u062d\u0645\u0627\u0646 ,male
ABD AL-RASHID,male
\u0639\u0628\u062f \u0627\u0644\u0631\u0634\u064a\u062f ,male
ABD AL-WALI,male
\u0639\u0628\u062f \u0627\u0644\u0648\u0644\u0650\u064a ,male
ABDUL,male
\u0639\u0628\u062f \u0627\u0644 ,male
ABDUL-AZIZ,male
\u0639\u0628\u062f \u0627\u0644\u0639\u0632\u064a\u0632 ,male
ABDUL-HAMID,male
\u0639\u0628\u062f \u0627\u0644\u062d\u0645\u064a\u062f ,male
ABDULLAH,male
\u0639\u0628\u062f \u0627\u0644\u0644\u0647 ,male
ABDUL-RAHMAN,male
\u0639\u0628\u062f \u0627\u0644\u0631\u062d\u0645\u0646,male
 \u0639\u0628\u062f \u0627\u0644\u0631\u062d\u0645\u0627\u0646 ,male
ABDUR-RAHMAN,male
\u0639\u0628\u062f \u0627\u0644\u0631\u062d\u0645\u0646,male
 \u0639\u0628\u062f \u0627\u0644\u0631\u062d\u0645\u0627\u0646 ,male
ABDUR-RASHID,male
\u0639\u0628\u062f \u0627\u0644\u0631\u0634\u064a\u062f ,male
'ABLA,female
\u0639\u0628\u0644\u0629 ,female
ABU,male
\u0623\u0628\u0648 ,male
ABU AL-FADL,male
\u0623\u0628\u0648 \u0627\u0644\u0641\u0636\u0644 ,male
ABU BAKR,male
\u0623\u0628\u0648 \u0628\u0643\u0631 ,male
ABUL-FAZL,male
\u0623\u0628\u0648 \u0627\u0644\u0641\u0636\u0644 ,male
ADAM,male
\u0622\u062f\u0645 ,male
ADEL,male
\u0639\u0627\u062f\u0644 ,male
ADIL,male
\u0639\u0627\u062f\u0644 ,male
ADILA,female
\u0639\u0627\u062f\u0644\u0629 ,female
ADNAN,male
\u0639\u062f\u0646\u0627\u0646 ,male
AFAF,female
\u0639\u0641\u0627\u0641 ,female
AFIF,male
\u0639\u0641\u064a\u0641 ,male
AFRA ,female
\u0639\u0641\u0631\u0627 ,female
AFZAL,male
\u0623\u0641\u0636\u0644 ,male
AHMAD,male
\u0623\u062d\u0645\u062f ,male
AHMED,male
\u0623\u062d\u0645\u062f ,male
AIDA,female
\u0639\u0627\u0626\u062f\u0629 ,female
'AISHA,female
\u0639\u0627\u0626\u0634\u0629 ,female
A'ISHA,female
\u0639\u0627\u0626\u0634\u0629 ,female
AISHA,female
\u0639\u0627\u0626\u0634\u0629 ,female
AISHAH,female
AKBAR,male
\u0623\u0643\u0628\u0631 ,male
AKEEM,male
AKILAH,female
\u0639\u0627\u0642\u0644\u0629 ,female
AKRAM,male
\u0623\u0643\u0631\u0645 ,male
ALA,male
\u0639\u0644\u0627\u0621 ,male
ALA AL-DIN,male
\u0639\u0644\u0627\u0621 \u0627\u0644\u062f\u064a\u0646 ,male
AL-AMIR,male
\u0627\u0644\u0622\u0645\u0631 ,male
'ALI,male
\u0639\u0644\u064a\u0651 ,male
ALI ,male
\u0639\u0644\u064a\u0651 ,male
ALIA ,female
\u0639\u0644\u064a\u0627\u0621 ,female
ALIM,male
\u0639\u0644\u064a\u0645 ,male
ALIYA ,female
\u0639\u0644\u064a\u0651\u0629 ,female
ALIYAH ,female
\u0639\u0644\u064a\u0651\u0629 ,female
ALIYYA,female
\u0639\u0644\u064a\u0651\u0629 ,female
ALIYYAH,female
\u0639\u0644\u064a\u0651\u0629 ,female
ALMAS,female
\u0623\u0644\u0645\u0627\u0633 ,female
ALYA,female
\u0639\u0644\u064a\u0627\u0621 ,female
AMAAL,female
\u0623\u0645\u0627\u0644 ,female
AMAL ,female
\u0623\u0645\u0644 ,female
AMANI,female
\u0623\u0645\u0627\u0646\u064a ,female
AMEL ,female
\u0623\u0645\u0627\u0644 ,female
AMIN,male
\u0623\u0645\u064a\u0646 ,male
AMINA,female
\u0622\u0645\u0646\u0629,female
 \u0623\u0645\u064a\u0646\u0629 ,female
AMINAH ,female
\u0622\u0645\u0646\u0629 ,female
AMINAH ,female
\u0623\u0645\u064a\u0646\u0629 ,female
AMIR ,male
\u0623\u0645\u064a\u0631 ,male
AMIRA ,female
\u0623\u0645\u064a\u0631\u0629 ,female
AMIRAH,female
\u0623\u0645\u064a\u0631\u0629 ,female
AMJAD,male
\u0623\u0645\u062c\u062f ,male
'AMMAR,male
\u0639\u0645\u0651\u0627\u0631 ,male
AMMAR,male
\u0639\u0645\u0651\u0627\u0631 ,male
AMNA,female
\u0623\u0645\u0646\u0629 ,female
ANAS,male
\u0623\u0646\u0633 ,male
ANASS,male
\u0623\u0646\u0633 ,male
ANIS,male
\u0623\u0646\u064a\u0633 ,male
ANISA,female
\u0623\u0646\u064a\u0633\u0629 ,female
ANWAR,male
\u0623\u0646\u0648\u0631 ,male
ANWER,male
\u0623\u0646\u0648\u0631 ,male
AQIL,male
\u0639\u0627\u0642\u0644 ,male
AQILA,female
\u0639\u0627\u0642\u0644\u0629 ,female
ARIJ,female
\u0623\u0631\u064a\u062c ,female
ARWA,female
\u0623\u0631\u0648\u0649 ,female
AS'AD,male
\u0623\u0633\u0639\u062f ,male
ASAD,male
\u0623\u0633\u062f ,male
ASHFAQ,male
\u0623\u0634\u0641\u0627\u0642 ,male
ASHRAQAT,female
\u0623\u0634\u0631\u0627\u0642\u0627\u062a ,female
ASIF,male
\u0623\u0635\u0641 ,male
ASIM ,male
\u0639\u0627\u0633\u0645 ,male
ASMA,female
\u0623\u0633\u0645\u0649 ,female
ASMAA,female
\u0623\u0633\u0645\u0627\u0621 ,female
ASRA,female
\u0623\u0633\u0631\u0649 ,female
ATA ,male
\u0639\u0637\u0627\u0621 ,male
ATALLAH,male
\u0639\u0637\u0627\u0621 \u0627\u0644\u0644\u0647 ,male
ATAULLAH,male
\u0639\u0637\u0627\u0621 \u0627\u0644\u0644\u0647 ,male
ATIF,male
\u0639\u0627\u0637\u0641 ,male
ATIFA,female
\u0639\u0627\u0637\u0641\u0647 ,female
ATIYA,male
\u0639\u0637\u064a\u0651\u0629 ,male
ATUF,male
\u0639\u0637\u0648\u0641 ,male
AYDA,female
\u0639\u0627\u0626\u062f\u0629 ,female
AYESHA,female
\u0639\u0627\u0626\u0634\u0629 ,female
AYISHAH,female
\u0639\u0627\u0626\u0634\u0629 ,female
AYMAN,male
\u0623\u064a\u0645\u0646 ,male
AYYUB,male
\u0623\u064a\u0651\u0648\u0628 ,male
AZHAR,male
\u0623\u0632\u0647\u0631 ,male
'AZIZ,male
\u0639\u0632\u064a\u0632 ,male
AZIZ,male
\u0639\u0632\u064a\u0632 ,male
AZRA,female
\u0639\u0630\u0631\u0627\u0621 ,female
BADR,male
\u0628\u062f\u0631 ,male
BAHA,male
\u0628\u0647\u0627\u0621 ,male
BAHADUR,male
\u0628\u0647\u0627\u062f\u0631 ,male
BAHIGA,female
\u0628\u0647\u064a\u062c\u0629 ,female
BAHIJ,male
\u0628\u0647\u064a\u062c ,male
BAHIJA,female
\u0628\u0647\u064a\u062c\u0629 ,female
BAHIYYA,female
\u0628\u0647\u064a\u0651\u0629 ,female
BAKI,male
\u0628\u0627\u0642\u064a ,male
BAKR,male
\u0628\u0643\u0631 ,male
BAQI,male
\u0628\u0627\u0642\u064a ,male
BAQIR,male
\u0628\u0627\u0642\u0631 ,male
BARACK,male
\u0628\u0627\u0631\u0627\u0643 ,male
BARAK ,male
\u0628\u0627\u0631\u0627\u0643 ,male
BARAKAT,male
\u0628\u0631\u0643\u0627\u062a ,male
BASIL ,male
\u0628\u0627\u0633\u0644 ,male
BASIM,male
\u0628\u0627\u0633\u0645 ,male
BASIMA,female
\u0628\u0627\u0633\u0645\u0629 ,female
BASIR,male
\u0628\u0635\u064a\u0631 ,male
BASIRA,female
\u0628\u0635\u064a\u0631\u0629 ,female
BASIT,male
\u0628\u0627\u0633\u0637 ,male
BASMA,female
\u0628\u0633\u0645\u0629 ,female
BASSAM,male
\u0628\u0633\u0651\u0627\u0645 ,male
BASSEM,male
\u0628\u0627\u0633\u0645 ,male
BATUL,female
\u0628\u062a\u0648\u0644 ,female
BILAL,male
\u0628\u0644\u0627\u0644 ,male
BINYAMIN,male
\u0628\u0646\u064a\u0627\u0645\u064a\u0646 ,male
BOTROS,male
\u0628\u0637\u0631\u0633 ,male
BOULOS,male
\u0628\u0648\u0644\u0633 ,male
BOUTROS,male
\u0628\u0637\u0631\u0633 ,male
BUDUR,female
\u0628\u062f\u0648\u0631 ,female
BULUS,male
\u0628\u0648\u0644\u0633 ,male
BURHAN,male
\u0628\u0631\u0647\u0627\u0646 ,male
BUTRUS,male
\u0628\u0637\u0631\u0633 ,male
DALAL,female
\u062f\u0644\u0627\u0644 ,female
DANA ,male
\u062f\u0627\u0646\u0627 ,male
DANIA ,female
\u062f\u0627\u0646\u064a\u0629 ,female
DANIYAH,female
\u062f\u0627\u0646\u064a\u0629 ,female
DANYA ,female
\u062f\u0627\u0646\u064a\u0629 ,female
DANYAL,male
\u062f\u0627\u0646\u064a\u0627\u0644 ,male
DAUD,male
\u062f\u0627\u0648\u062f ,male
DAWOOD,male
\u062f\u0627\u0648\u062f ,male
DAWUD,male
\u062f\u0627\u0648\u062f ,male
DEMA,female
\u062f\u064a\u0645\u0629 ,female
DIMA ,female
\u062f\u064a\u0645\u0629 ,female
DIYA,male
\u0636\u064a\u0627\u0621 ,male
DJAMILA,female
\u062c\u0645\u064a\u0644\u0629 ,female
DUA,female
\u062f\u0639\u0627\u0621 ,female
DUHA,female
\u0636\u062d\u0649 ,female
EBRAHIM,male
\u0625\u0628\u0631\u0627\u0647\u064a\u0645 ,male
ESMAIL,male
\u0625\u0633\u0645\u0627\u0639\u064a\u0644 ,male
ESSA,male
\u0639\u064a\u0633\u0649 ,male
FADI,male
\u0641\u0627\u062f\u064a ,male
FADIA,female
\u0641\u0627\u062f\u064a\u0629 ,female
FADIL,male
\u0641\u0627\u0636\u0644 ,male
FADILA,female
\u0641\u0627\u0636\u0644\u0629 ,female
FADL,male
\u0641\u0636\u0644 ,male
FAHD,male
\u0641\u0647\u062f ,male
FAHIM,male
\u0641\u0647\u0645 ,male
FAHIMA,female
\u0641\u0647\u0645\u0629 ,female
FAIRUZ,female
\u0641\u064a\u0631\u0648\u0632 ,female
FAIZ,male
\u0641\u0627\u0626\u0632 ,male
FAIZA,female
\u0641\u0627\u0626\u0632\u0629 ,female
FAIZEL,male
\u0641\u064a\u0635\u0644 ,male
FAJR,female
\u0641\u062c\u0631 ,female
FAKHRI,male
\u0641\u062e\u0631\u064a\u0651 ,male
FAKHRIYYA,female
\u0641\u062e\u0631\u064a\u0651\u0629 ,female
FARAG,male
\u0641\u0631\u062c ,male
FARAH,male
\u0641\u0631\u062d ,male
FARAJ,male
\u0641\u0631\u062c ,male
FAREED,male
\u0641\u0631\u064a\u062f ,male
FAREEHA,female
\u0641\u0631\u062d\u0629 ,female
FARID,male
\u0641\u0631\u064a\u062f ,male
FARIDA,female
\u0641\u0631\u064a\u062f\u0629 ,female
FARIHA,female
\u0641\u0631\u064a\u062d\u0629,female
 \u0641\u0631\u062d\u0629 ,female
FARIS,male
\u0641\u0627\u0631\u0633 ,male
FAROOQ,male
\u0641\u0627\u0631\u0648\u0642 ,male
FAROUK,male
\u0641\u0627\u0631\u0648\u0642 ,male
FARRAH,female
\u0641\u0631\u062d ,female
FARUK,male
\u0641\u0627\u0631\u0648\u0642 ,male
FARUQ,male
\u0641\u0627\u0631\u0648\u0642 ,male
FATHI,male
\u0641\u062a\u062d\u064a\u0651 ,male
FATHIYYA,female
\u0641\u062a\u062d\u064a\u0651\u0629 ,female
FATIMA,female
\u0641\u0627\u0637\u0645\u0629 ,female
FATIMAH,female
\u0641\u0627\u0637\u0645\u0629 ,female
FATIN ,female
\u0641\u0627\u062a\u0646 ,female
FATIN ,male
\u0641\u0637\u064a\u0646 ,male
FATMA,female
\u0641\u0627\u0637\u0645\u0629 ,female
FAWZI,male
\u0641\u0648\u0632\u064a\u0651 ,male
FAWZIYA,female
\u0641\u0648\u0632\u064a\u0651\u0629 ,female
FAWZIYYA,female
\u0641\u0648\u0632\u064a\u0651\u0629 ,female
FAYIZ,male
\u0641\u0627\u064a\u0632 ,male
FAYRUZ,female
\u0641\u064a\u0631\u0648\u0632 ,female
FAYSAL,male
\u0641\u064a\u0635\u0644 ,male
FAYZA,female
\u0641\u0627\u0626\u0632\u0629 ,female
FAZL,male
FIDDA,female
\u0641\u0636\u0651\u0629 ,female
FIHR,male
\u0641\u0647\u0631 ,male
FIKRI,male
\u0641\u0643\u0631\u064a\u0651 ,male
FIKRIYYA,female
\u0641\u0643\u0631\u064a\u0651\u0629 ,female
FIRDAUS,male
\u0641\u0631\u062f\u0648\u0633 ,male
FIRDOS,male
\u0641\u0631\u062f\u0648\u0633 ,male
FIZZA,female
\u0641\u0636\u0651\u0629 ,female
FOUAD,male
\u0641\u0624\u0627\u062f ,male
FUAD,male
\u0641\u0624\u0627\u062f ,male
GABIR,male
\u062c\u0627\u0628\u0631 ,male
GABR,male
\u062c\u0628\u0631 ,male
GAFAR,male
\u062c\u0639\u0641\u0631 ,male
GALAL,male
\u062c\u0644\u0627\u0644 ,male
GALILA,female
\u062c\u0644\u064a\u0644\u0629 ,female
GAMAL,male
\u062c\u0645\u0627\u0644 ,male
GAMIL,male
\u062c\u0645\u064a\u0644 ,male
GAMILA,female
\u062c\u0645\u064a\u0644\u0629 ,female
GATHBIYYA,female
\u062c\u0627\u0630\u0628\u064a\u0651\u0629 ,female
GAUHAR,female
\u062c\u0648\u0627\u0647\u0631 ,female
GAWAHIR,female
\u062c\u0648\u0627\u0647\u0631 ,female
GAWDAT,male
\u062c\u0648\u062f\u062a ,male
GAZBIYYA,female
\u062c\u0627\u0630\u0628\u064a\u0651\u0629 ,female
GHADA,female
\u063a\u0627\u062f\u0629 ,female
GHADIR,female
\u063a\u062f\u064a\u0631 ,female
GHALIB,male
\u063a\u0627\u0644\u0628 ,male
GHALIYA,female
\u063a\u0627\u0644\u064a\u0629 ,female
GHASSAN,male
\u063a\u0633\u0651\u0627\u0646 ,male
GHAYTH,male
\u063a\u064a\u062b ,male
GHUFRAN,female
\u063a\u0641\u0631\u0627\u0646 ,female
GHULAM,male
\u063a\u0644\u0627\u0645 ,male
GUDA,male
\u062c\u0648\u062f\u0629 ,male
HAAMID,male
\u062d\u0627\u0645\u062f ,male
HABIB,male
\u062d\u0628\u064a\u0628 ,male
HABIBA,female
\u062d\u0628\u064a\u0628\u0629 ,female
HABIBULLAH,male
\u062d\u0628\u064a\u0628 \u0627\u0644\u0644\u0647 ,male
HADI,male
\u0647\u0627\u062f\u064a ,male
HADIA,female
\u0647\u0627\u062f\u064a\u0629 ,female
HADIL,female
\u0647\u062f\u064a\u0644 ,female
HADIYA,female
\u0647\u0627\u062f\u064a\u0629 ,female
HADIYYA,female
\u0647\u062f\u064a\u0651\u0629 ,female
HADJARA,female
HADYA,female
\u0647\u0627\u062f\u064a\u0629 ,female
HAFEEZ,male
\u062d\u0641\u064a\u0638 ,male
HAFIZ,male
\u062d\u0641\u064a\u0638 ,male
HAFSA,female
\u062d\u0641\u0635\u0629 ,female
HAFSAH,female
\u062d\u0641\u0635\u0629 ,female
HAFZA,female
\u062d\u0641\u0635\u0629 ,female
HAGIR,female
\u0647\u0627\u062c\u0631 ,female
HAIDAR,male
\u062d\u064a\u062f\u0631 ,male
HAIDER,male
\u062d\u064a\u062f\u0631 ,male
HAIFA,female
\u0647\u064a\u0641\u0627\u0621 ,female
HAJAR,female
\u0647\u0627\u062c\u0631 ,female
HAKEEM,male
\u062d\u0643\u064a\u0645 ,male
HAKIM,male
\u062d\u0643\u064a\u0645 ,male
HALA,female
\u0647\u0627\u0644\u0629 ,female
HALIM,male
\u062d\u0644\u064a\u0645 ,male
HALIMA,female
\u062d\u0644\u064a\u0645\u0629 ,female
HAMED,male
\u062d\u0627\u0645\u062f ,male
HAMEED,male
\u062d\u0645\u064a\u062f ,male
HAMID ,male
\u062d\u0645\u064a\u062f ,male
HAMID ,male
\u062d\u0627\u0645\u062f ,male
HAMIDA,female
\u062d\u0645\u064a\u062f\u0629 ,female
HAMZA,male
\u062d\u0645\u0632\u0629 ,male
HANA ,female
\u0647\u0646\u0627\u0621 ,female
HANAA,female
\u0647\u0646\u0627\u0621 ,female
HANAN ,female
\u062d\u0646\u0627\u0646 ,female
HANI,male
\u0647\u0627\u0646\u0626 ,male
HANIA ,female
\u0647\u0646\u064a\u0651\u0629 ,female
HANIF,male
\u062d\u0646\u064a\u0641 ,male
HANIFA,female
\u062d\u0646\u064a\u0641\u0629 ,female
HANIYAH,female
\u0647\u0646\u064a\u0651\u0629 ,female
HANIYYA,female
\u0647\u0646\u064a\u0651\u0629 ,female
HARIS ,male
\u062d\u0627\u0631\u062b ,male
HARITH,male
\u062d\u0627\u0631\u062b ,male
HAROUN,male
\u0647\u0627\u0631\u0648\u0646 ,male
HARUN,male
\u0647\u0627\u0631\u0648\u0646 ,male
HASAN,male
\u062d\u0633\u0646 ,male
HASHIM,male
\u0647\u0627\u0634\u0645 ,male
HASIB,male
\u062d\u0633\u064a\u0628 ,male
HASIM,male
\u062d\u0627\u0633\u0645 ,male
HASNA,female
\u062d\u0633\u0646\u0627\u0621 ,female
HASSAN,male
\u062d\u0633\u0651\u0627\u0646 ,male
HATIM,male
\u062d\u0627\u062a\u0645 ,male
HAWA,female
\u062d\u0648\u0627\u0621 ,female
HAYDER,male
\u062d\u064a\u062f\u0631 ,male
HAYFA,female
\u0647\u064a\u0641\u0627\u0621 ,female
HAYTHAM,male
\u0647\u064a\u062b\u0645 ,male
HESHAM,male
\u0647\u0634\u0627\u0645 ,male
HIBA,female
\u0647\u0628\u0629 ,female
HIDAYAT,male
\u0647\u062f\u0627\u064a\u0629 ,male
HIKMAT,male
\u062d\u0643\u0645\u0629 ,male
HIND,female
\u0647\u0646\u062f ,female
HISEIN,male
\u062d\u0633\u064a\u0646 ,male
HISHAM,male
\u0647\u0634\u0627\u0645 ,male
HOODA,female
\u0647\u062f\u0649 ,female
HOSNI,male
\u062d\u0633\u0646\u064a ,male
HOSSAM,male
\u062d\u0633\u0627\u0645 ,male
HOUDA,female
\u0647\u062f\u0649 ,female
HOUSSAM,male
\u062d\u0633\u0627\u0645 ,male
HUDA,female
\u0647\u062f\u0649 ,female
HUMAIRA,female
\u062d\u0645\u064a\u0631\u0627\u0621 ,female
HUMAYRA,female
\u062d\u0645\u064a\u0631\u0627\u0621 ,female
HUSAIN,male
\u062d\u0633\u064a\u0646 ,male
HUSAM,male
\u062d\u0633\u0627\u0645 ,male
HUSAYN,male
\u062d\u0633\u064a\u0646 ,male
HUSNA,female
\u062d\u0633\u0646\u0649 ,female
HUSNI,male
\u062d\u0633\u0646\u064a ,male
HUSNIYA,female
\u062d\u0633\u0646\u064a\u0629 ,female
HUSSAIN,male
\u062d\u0633\u064a\u0646 ,male
HUSSEIN,male
\u062d\u0633\u064a\u0646 ,male
HYDER,male
\u062d\u064a\u062f\u0631 ,male
IBRAHEEM,male
\u0625\u0628\u0631\u0627\u0647\u064a\u0645 ,male
IBRAHIM,male
\u0625\u0628\u0631\u0627\u0647\u064a\u0645 ,male
IBTIHAJ,female
\u0625\u0628\u062a\u0647\u0627\u062c ,female
IBTISAM,female
\u0625\u0628\u062a\u0633\u0627\u0645 ,female
IDRIS ,male
\u0625\u062f\u0631\u064a\u0633 ,male
IHAB,male
\u0625\u064a\u0647\u0627\u0628 ,male
IHSAN,male
\u0625\u062d\u0633\u0627\u0646 ,male
IKRAAM,female
\u0625\u0643\u0631\u0627\u0645 ,female
IKRAM,female
\u0625\u0643\u0631\u0627\u0645 ,female
ILHAM,male
\u0625\u0644\u0647\u0627\u0645 ,male
ILYAS,male
\u0625\u0644\u064a\u0627\u0633 ,male
IMAD,male
\u0639\u0645\u0627\u062f ,male
IMAM,male
\u0625\u0645\u0627\u0645 ,male
IMAN,male
\u0625\u064a\u0645\u0627\u0646 ,male
IMEN,male
\u0625\u064a\u0645\u0627\u0646 ,male
IMRAM,male
\u0639\u0645\u0631\u0627\u0645 ,male
IMRAN,male
\u0639\u0645\u0631\u0627\u0646 ,male
IMTIYAZ,male
\u0625\u0645\u062a\u064a\u0627\u0632 ,male
IN'AM,female
\u0625\u0646\u0639\u0627\u0645 ,female
INAS,female
\u0625\u064a\u0646\u0627\u0633 ,female
IQBAL,male
\u0625\u0642\u0628\u0627\u0644 ,male
IRFAN,male
\u0639\u0631\u0641\u0627\u0646 ,male
ISA ,male
\u0639\u064a\u0633\u0649 ,male
'ISAM,male
\u0639\u0635\u0627\u0645 ,male
ISKANDAR,male
\u0625\u0633\u0643\u0646\u062f\u0631 ,male
ISMA'IL,male
\u0625\u0633\u0645\u0627\u0639\u064a\u0644 ,male
ISMAIL,male
\u0625\u0633\u0645\u0627\u0639\u064a\u0644 ,male
'ISMAT,male
\u0639\u0635\u0645\u0629 ,male
ISRA,female
\u0625\u0633\u0631\u0627\u0621 ,female
ISRAA,female
\u0625\u0633\u0631\u0627\u0621 ,female
ISSA,male
\u0639\u064a\u0633\u0649 ,male
I'TIDAL,female
\u0627\u0639\u062a\u062f\u0627\u0644 ,female
I'TIMAD,female
\u0627\u0639\u062a\u0645\u0627\u062f ,female
IZDIHAR,female
\u0625\u0632\u062f\u0647\u0627\u0631 ,female
IZZ AL-DIN,male
\u0639\u0632\u0651 \u0627\u0644\u062f\u064a\u0646 ,male
IZZ UD-DIN,male
\u0639\u0632\u0651 \u0627\u0644\u062f\u064a\u0646 ,male
JABBAR,male
\u062c\u0628\u0651\u0627\u0631 ,male
JABIR,male
\u062c\u0627\u0628\u0631 ,male
JABR,male
\u062c\u0628\u0631 ,male
JABRIL,male
\u062c\u0628\u0631\u064a\u0644 ,male
JAFAR,male
\u062c\u0639\u0641\u0631 ,male
JAFFAR,male
\u062c\u0639\u0641\u0631 ,male
JAFFER,male
\u062c\u0639\u0641\u0631 ,male
JALAL,male
\u062c\u0644\u0627\u0644 ,male
JALIL,male
\u062c\u0644\u064a\u0644 ,male
JALILA,female
\u062c\u0644\u064a\u0644\u0629 ,female
JAMAAL,male
\u062c\u0645\u0627\u0644 ,male
JAMAL,male
\u062c\u0645\u0627\u0644 ,male
JAMEEL,male
\u062c\u0645\u064a\u0644 ,male
JAMEELA,female
\u062c\u0645\u064a\u0644\u0629 ,female
JAMIL,male
\u062c\u0645\u064a\u0644 ,male
JAMILA,female
\u062c\u0645\u064a\u0644\u0629 ,female
JAMILLAH,female
\u062c\u0645\u064a\u0644\u0629 ,female
JANAN,female
\u062c\u0646\u0627\u0646 ,female
JATHBIYYA,female
\u062c\u0627\u0630\u0628\u064a\u0651\u0629 ,female
JATHIBIYYA,female
\u062c\u0627\u0630\u0628\u064a\u0651\u0629 ,female
JAWAHIR,female
\u062c\u0648\u0627\u0647\u0631 ,female
JAWDAT,male
\u062c\u0648\u062f\u062a ,male
JIBRIL,male
\u062c\u0628\u0631\u064a\u0644 ,male
JINAN,male
\u062c\u0646\u0627\u0646 ,male
JUDA,male
\u062c\u0648\u062f\u0629 ,male
JUMANA,female
\u062c\u0645\u0627\u0646\u0629 ,female
JUMANAH,female
\u062c\u0645\u0627\u0646\u0629 ,female
JUNAID,male
\u062c\u0646\u064a\u062f ,male
JUNAYD,male
\u062c\u0646\u064a\u062f ,male
KADER ,male
\u0642\u062f\u064a\u0631 ,male
KAMAL ,male
\u0643\u0645\u0627\u0644 ,male
KAMIL ,male
\u0643\u0627\u0645\u0644 ,male
KARAM,male
\u0643\u0631\u0645 ,male
KAREEM,male
\u0643\u0631\u064a\u0645 ,male
KARIM,male
\u0643\u0631\u064a\u0645 ,male
KARIMA,female
\u0643\u0631\u064a\u0645\u0629 ,female
KHADIGA,female
\u062e\u062f\u064a\u062c\u0629 ,female
KHADIJA,female
\u062e\u062f\u064a\u062c\u0629 ,female
KHALED,male
\u062e\u0627\u0644\u062f ,male
KHALEEL,male
\u062e\u0644\u064a\u0644 ,male
KHALID,male
\u062e\u0627\u0644\u062f ,male
KHALIDA,female
\u062e\u0627\u0644\u062f\u0629 ,female
KHALIFA,male
\u062e\u0644\u064a\u0641\u0629 ,male
KHALIL,male
\u062e\u0644\u064a\u0644 ,male
KHALILAH,female
\u062e\u0644\u064a\u0644\u0629 ,female
KHALIQ,male
\u062e\u0644\u064a\u0642 ,male
KHATIJAH,female
\u062e\u062f\u064a\u062c\u0629 ,female
KHAYRAT,male
\u062e\u064a\u0631\u0627\u062a ,male
KHAYRI,male
\u062e\u064a\u0631\u064a\u0651 ,male
KHAYRIYYA,female
\u062e\u064a\u0631\u064a\u0651\u0629 ,female
KHAYYAM,male
\u062e\u064a\u0651\u0627\u0645 ,male
LAILA ,female
\u0644\u064a\u0644\u0649 ,female
LAMIA ,female
\u0644\u0627\u0645\u0639\u0629 ,female
LAMIS,female
\u0644\u0645\u064a\u0633 ,female
LAMYA,female
\u0644\u0645\u064a\u0627\u0621 ,female
LATEEFAH,female
\u0644\u0637\u064a\u0641\u0629 ,female
LATIF,male
\u0644\u0637\u064a\u0641 ,male
LATIFA,female
\u0644\u0637\u064a\u0641\u0629 ,female
LATIFAH,female
\u0644\u0637\u064a\u0641\u0629 ,female
LAWAHIZ,female
LAYLA,female
\u0644\u064a\u0644\u0649 ,female
LEILA,female
\u0644\u064a\u0644\u0649 ,female
LEYLA,female
\u0644\u064a\u0644\u0649 ,female
LINA ,female
\u0644\u064a\u0646\u0627 ,female
LUBNA,female
\u0644\u0628\u0646\u0649 ,female
LUJAYN,female
\u0644\u062c\u064a\u0646 ,female
LULU ,female
\u0644\u0624\u0644\u0624 ,female
LUTFI,male
\u0644\u0637\u0641\u064a\u0651 ,male
MAALIK,male
\u0645\u0627\u0644\u0643 ,male
MAHA,female
\u0645\u0647\u0627\u0629 ,female
MAHDI,male
\u0645\u0647\u062f\u064a ,male
MAHFUZ,male
\u0645\u062d\u0641\u0648\u0638 ,male
MAHIR,male
\u0645\u0627\u0647\u0631 ,male
MAHMOOD,male
\u0645\u062d\u0645\u0648\u062f ,male
MAHMOUD,male
\u0645\u062d\u0645\u0648\u062f ,male
MAHMUD,male
\u0645\u062d\u0645\u0648\u062f ,male
MAHOMET,male
MAHOMETUS,male
MAJID,male
\u0645\u062c\u064a\u062f ,male
MAKRAM,male
\u0645\u0643\u0631\u0645 ,male
MALAIKA,female
\u0645\u0644\u0627\u0626\u0643\u0629 ,female
MALAK,female
\u0645\u0644\u0643 ,female
MALIK ,male
\u0645\u0644\u0643 ,male
MALIKA,female
\u0645\u0644\u0643\u0629 ,female
MANSOOR,male
\u0645\u0646\u0635\u0648\u0631 ,male
MANSUR,male
\u0645\u0646\u0635\u0648\u0631 ,male
MARAM,female
\u0645\u0631\u0627\u0645 ,female
MARIAM,female
\u0645\u0631\u064a\u0645 ,female
MARWA,female
\u0645\u0631\u0648\u0629 ,female
MARYAM,female
\u0645\u0631\u064a\u0645 ,female
MASOOD,male
\u0645\u0633\u0639\u0648\u062f ,male
MASOUD,male
\u0645\u0633\u0639\u0648\u062f ,male
MAS'UD,male
\u0645\u0633\u0639\u0648\u062f ,male
MASUMA,female
\u0645\u0639\u0635\u0648\u0645\u0629 ,female
MAZIN,male
\u0645\u0627\u0632\u0646 ,male
MIDHA,female
\u0645\u062f\u062d\u0629 ,female
MIDHAT,male
MIHAMMAD,male
\u0645\u062d\u0645\u0651\u062f ,male
MIKHA'IL,male
\u0645\u064a\u062e\u0627\u0626\u064a\u0644 ,male
MIRAJ,male
\u0645\u0639\u0631\u0627\u062c ,male
MIRZA,male
\u0645\u064a\u0631\u0632\u0627 ,male
MIS'ID,male
\u0645\u0633\u0639\u062f ,male
MOHAMED,male
\u0645\u062d\u0645\u0651\u062f ,male
MOHAMMAD,male
\u0645\u062d\u0645\u0651\u062f ,male
MOHAMMED,male
\u0645\u062d\u0645\u0651\u062f ,male
MONA ,female
\u0645\u0646\u0649 ,female
MOSTAFA,male
\u0645\u0635\u0637\u0641\u0649 ,male
MOUNA,female
\u0645\u0646\u0649 ,female
MUBIN,male
\u0645\u0628\u064a\u0646 ,male
MUBINA,female
\u0645\u0628\u064a\u0646\u0629 ,female
MUFADDAL,male
\u0645\u0641\u0636\u0651\u0644 ,male
MUHAMMAD,male
\u0645\u062d\u0645\u0651\u062f ,male
MUHAMMED,male
\u0645\u062d\u0645\u0651\u062f ,male
MUHSIN,male
\u0645\u062d\u0633\u0646 ,male
MUHSINA,female
\u0645\u062d\u0633\u0646\u0629 ,female
MUKHTAR,male
\u0645\u062e\u062a\u0627\u0631 ,male
MUMIN,male
\u0645\u0624\u0645\u0646 ,male
MUMINA,female
\u0645\u0624\u0645\u0646\u0629 ,female
MUMTAZ,male
\u0645\u0645\u062a\u0627\u0632 ,male
MUNA,female
\u0645\u0646\u0649 ,female
MUNIR,male
\u0645\u0646\u064a\u0631 ,male
MUNIRA,female
\u0645\u0646\u064a\u0631\u0629 ,female
MUNYA,female
\u0645\u0646\u064a\u0629 ,female
MURAD,male
\u0645\u0631\u0627\u062f ,male
MURTADA,male
\u0645\u0631\u062a\u0636\u0649 ,male
MURTAZA,male
\u0645\u0631\u062a\u0636\u0649 ,male
MUSA,male
\u0645\u0648\u0633\u0649 ,male
MUS'AD,male
\u0645\u0633\u0639\u062f ,male
MUSTAFA,male
\u0645\u0635\u0637\u0641\u0649 ,male
MUSTAPHA,male
\u0645\u0635\u0637\u0641\u0649 ,male
MU'TAMID,male
\u0645\u0639\u062a\u0645\u062f ,male
MU'TASIM,male
\u0645\u0639\u062a\u0635\u0645 ,male
NABIL,male
\u0646\u0628\u064a\u0644 ,male
NABILA,female
\u0646\u0628\u064a\u0644\u0629 ,female
NADA ,female
\u0646\u062f\u0649 ,female
NADER,male
\u0646\u0627\u062f\u0631 ,male
NADIA ,female
\u0646\u062f\u064a\u0651\u0629 ,female
NADIM,male
\u0646\u062f\u064a\u0645 ,male
NADIR,male
\u0646\u0627\u062f\u0631 ,male
NADIRA,female
\u0646\u0627\u062f\u0631\u0629 ,female
NADIYYA,female
\u0646\u062f\u064a\u0651\u0629 ,female
NADRA,female
\u0646\u0636\u0631\u0629 ,female
NADYA ,female
\u0646\u062f\u064a\u0651\u0629 ,female
NAGI,male
\u0646\u062c\u064a\u0651 ,male
NAGIB,male
\u0646\u062c\u064a\u0628 ,male
NAIL,male
\u0646\u0627\u0626\u0644 ,male
NAILA,female
\u0646\u0627\u0626\u0644\u0629 ,female
NA'IM,male
\u0646\u0639\u064a\u0645 ,male
NA'IMA,female
\u0646\u0639\u064a\u0645\u0629 ,female
NAJI,male
\u0646\u062c\u064a\u0651 ,male
NAJIB,male
\u0646\u062c\u064a\u0628 ,male
NAJWA,female
\u0646\u062c\u0648\u0649 ,female
NASEEM,male
\u0646\u0633\u064a\u0645 ,male
NASEER,male
\u0646\u0635\u064a\u0631 ,male
NASHWA,female
\u0646\u0634\u0648\u0649 ,female
NASIB,male
\u0646\u0633\u064a\u0628 ,male
NASIM,male
\u0646\u0633\u064a\u0645 ,male
NASIR,male
\u0646\u0627\u0635\u0631,male
 \u0646\u0635\u064a\u0631 ,male
NASIRA,female
\u0646\u0627\u0635\u0631\u0629,female
 \u0646\u0635\u064a\u0631\u0629 ,female
NASSER,male
\u0646\u0627\u0635\u0631 ,male
NASSIM,male
\u0646\u0633\u064a\u0645 ,male
NAVEED,male
\u0646\u0648\u064a\u062f ,male
NAVID,male
\u0646\u0648\u064a\u062f ,male
NAWAL,female
\u0646\u0648\u0627\u0644 ,female
NAWRA,female
\u0646\u0648\u0631\u0629 ,female
NAZIH,male
\u0646\u0632\u064a\u0647 ,male
NAZIHA,female
\u0646\u0632\u064a\u0647\u0629 ,female
NAZLI,female
\u0646\u0638\u0644\u064a ,female
NIDA,female
\u0646\u062f\u0627\u0639 ,female
NIMA ,female
\u0646\u0639\u0645\u0629 ,female
NIMAT,female
\u0646\u0639\u0645\u0627\u062a ,female
NIZAR,male
\u0646\u0632\u0627\u0631 ,male
NOOR ,female
\u0646\u0648\u0631 ,female
NOUR,female
\u0646\u0648\u0631 ,female
NOUREDDINE,male
\u0646\u0648\u0631 \u0627\u0644\u062f\u064a\u0646 ,male
NUH,male
\u0646\u0648\u062d ,male
NUHA,female
\u0646\u0647\u0649 ,female
NUR,female
\u0646\u0648\u0631 ,female
NURA,female
\u0646\u0648\u0631\u0629 ,female
NUR AD-DIN,male
\u0646\u0648\u0631 \u0627\u0644\u062f\u064a\u0646 ,male
NURUDDIN,male
\u0646\u0648\u0631 \u0627\u0644\u062f\u064a\u0646 ,male
NURUL,male
\u0646\u0648\u0631 \u0627\u0644 ,male
NURULLAH,male
\u0646\u0648\u0631 \u0627\u0644\u0644\u0647 ,male
OMAR ,male
\u0639\u0645\u0631 ,male
OSAMA,male
\u0623\u0633\u0627\u0645\u0629 ,male
QADIR,male
\u0642\u062f\u064a\u0631 ,male
QAMAR,male
\u0642\u0645\u0631 ,male
QASIM,male
\u0642\u0627\u0633\u0645 ,male
QISMAT,male
\u0642\u0633\u0645\u0629 ,male
QUSAY,male
\u0642\u0635\u064a ,male
RAABI'A,female
\u0631\u0627\u0628\u0639\u0629 ,female
RABAB,female
\u0631\u0628\u0627\u0628 ,female
RABI,male
\u0631\u0628\u064a\u0639 ,male
RABI'A,female
\u0631\u0628\u064a\u0639\u0629 ,female
RA'D,male
\u0631\u0639\u062f ,male
RAFIQ,male
\u0631\u0641\u064a\u0642 ,male
RAFIQA,female
\u0631\u0641\u064a\u0642\u0629 ,female
RAHAT,male
\u0631\u0627\u062d\u0629 ,male
RAHEEM,male
\u0631\u062d\u064a\u0645 ,male
RAHIM,male
\u0631\u062d\u064a\u0645 ,male
RAHMAN,male
\u0631\u062d\u0645\u0627\u0646 ,male
RAIS,male
\u0631\u0626\u064a\u0633 ,male
RAISA ,female
\u0631\u0626\u064a\u0633\u0629 ,female
RAJA ,female
\u0631\u062c\u0627\u0621 ,female
RAJAB,male
\u0631\u062c\u0628 ,male
RAJIYA,female
\u0631\u062c\u064a\u0629 ,female
RAJYA,female
\u0631\u062c\u064a\u0629 ,female
RAMADAN,male
\u0631\u064e\u0645\u064e\u0636\u0627\u0646 ,male
RAMLA,female
\u0631\u0645\u0644\u0629 ,female
RAMLAH,female
\u0631\u0645\u0644\u0629 ,female
RANA,female
\u0631\u0646\u0627 ,female
RANDA,female
\u0631\u0646\u062f\u0629 ,female
RANIYA,female
\u0631\u0627\u0646\u064a\u0629 ,female
RANYA,female
\u0631\u0627\u0646\u064a\u0629 ,female
RASHA,female
\u0631\u0634\u0627 ,female
RASHAD,male
\u0631\u0634\u0627\u062f ,male
RASHED,male
\u0631\u0627\u0634\u062f ,male
RASHEED,male
\u0631\u0634\u064a\u062f ,male
RASHID,male
\u0631\u0634\u064a\u062f,male
 \u0631\u0627\u0634\u062f ,male
RASHIDA,female
\u0631\u0634\u064a\u062f\u0629,female
 \u0631\u0627\u0634\u062f\u0629 ,female
RASIM,male
\u0631\u0627\u0633\u0645 ,male
RASIMA,female
\u0631\u0627\u0633\u0645\u0629 ,female
RASUL,male
\u0631\u0633\u0648\u0644 ,male
RAUF,male
\u0631\u0624\u0648\u0641 ,male
RAWIYA,female
\u0631\u0627\u0648\u064a\u0629 ,female
RAWYA,female
\u0631\u0627\u0648\u064a\u0629 ,female
RAYAN,male
\u0631\u064a\u0651\u0627\u0646 ,male
RAYHANA,female
\u0631\u064e\u064a\u062d\u0627\u0646\u0629 ,female
RAYYAN,male
\u0631\u064a\u0651\u0627\u0646 ,male
RAZA,male
\u0631\u0636\u0627\u0621 ,male
REEM,female
\u0631\u064a\u0645 ,female
RIAD,male
\u0631\u064a\u0627\u0636 ,male
RIAZ,male
\u0631\u064a\u0627\u0636 ,male
RIDA,male
\u0631\u0636\u0627\u0621 ,male
RIDHA,male
\u0631\u0636\u0627\u0621 ,male
RIDWAN,male
\u0631\u0636\u0648\u0627\u0646 ,male
RIDWANA,female
\u0631\u0636\u0648\u0627\u0646\u0629 ,female
RIFAT,male
\u0631\u0641\u0639\u0629 ,male
RIHANNA,female
\u0631\u064e\u064a\u062d\u0627\u0646\u0629 ,female
RIM,female
\u0631\u064a\u0645 ,female
RIZWAN,male
\u0631\u0636\u0648\u0627\u0646 ,male
RIZWANA,female
\u0631\u0636\u0648\u0627\u0646\u0629 ,female
RUBA,female
\u0631\u0628\u0649 ,female
RUH,male
\u0631\u0648\u062d ,male
RUQAYYA,female
\u0631\u0642\u064a\u0651\u0629 ,female
RUQAYYAH,female
\u0631\u0642\u064a\u0651\u0629 ,female
RUSUL,male
\u0631\u0633\u0644 ,male
RUWA,female
\u0631\u0648\u0627\u0621 ,female
RUYA,female
\u0631\u0624\u064a\u0629 ,female
SA'ADAT,female
\u0633\u0639\u0627\u062f\u0629 ,female
SABAH,female
\u0635\u0628\u0627\u062d ,female
SABAH UD-DIN,male
\u0639\u0632\u0651 \u0627\u0644\u062f\u064a\u0646 ,male
SABEEN,female
SABRI,male
\u0635\u0628\u0631\u064a\u0651 ,male
SABRIYYA,female
\u0635\u0628\u0631\u064a\u0651\u0629 ,female
SA'D,male
\u0633\u0639\u062f ,male
SADAF,female
\u0635\u062f\u0641 ,female
SADDAM,male
\u0635\u062f\u0651\u0627\u0645 ,male
SA'DI,male
\u0633\u0639\u062f\u064a ,male
SA'DIA,female
\u0633\u0639\u062f\u064a\u0629 ,female
SAFI,male
\u0635\u0641\u064a\u0651 ,male
SAFIYA,female
\u0635\u0641\u064a\u0651\u0629 ,female
SAFIYYAH,female
\u0635\u0641\u064a\u0651\u0629 ,female
SAHAR,female
\u0633\u062d\u0631 ,female
SA'ID,male
\u0633\u0639\u064a\u062f ,male
SA'IDA,female
\u0633\u0639\u064a\u062f\u0629 ,female
SAIF,male
\u0633\u064a\u0641 ,male
SAIF AL-DIN,male
\u0633\u064a\u0641 \u0627\u0644\u062f\u064a\u0646 ,male
SAIFUL,male
\u0633\u064a\u0641 \u0627\u0644 ,male
SAIFULLAH,male
\u0633\u064a\u0641 \u0627\u0644\u0644\u0647 ,male
SAJJAD,male
\u0633\u062c\u0651\u0627\u062f ,male
SAKHR,male
\u0635\u062e\u0631 ,male
SAKINA,female
\u0633\u0643\u064a\u0646\u0629 ,female
SALAH,male
\u0635\u0644\u0627\u062d ,male
SALAH AL-DIN,male
\u0635\u0644\u0627\u062d \u0627\u0644\u062f\u064a\u0646 ,male
SALEEM,male
\u0633\u0644\u064a\u0645 ,male
SALEH,male
\u0635\u0627\u0644\u062d ,male
SALHA,female
\u0635\u0627\u0644\u062d\u0629 ,female
SALIH,male
\u0635\u0627\u0644\u062d ,male
SALIHA,female
\u0635\u0627\u0644\u062d\u0629 ,female
SALIL,male
\u0633\u0644\u064a\u0644 ,male
SALIM,male
\u0633\u0644\u064a\u0645 ,male
SALIMA,female
\u0633\u0644\u064a\u0645\u0629 ,female
SALMA,female
\u0633\u0644\u0645\u0649 ,female
SALMAN,male
\u0633\u0644\u0645\u0627\u0646 ,male
SALWAH,female
\u0633\u0644\u0648\u0629 ,female
SAMAD,male
\u0635\u0645\u062f ,male
SAMAR,female
\u0633\u0645\u0631 ,female
SAMEER,male
\u0633\u0645\u064a\u0631 ,male
SAMEERA,female
\u0633\u0645\u064a\u0631\u0629 ,female
SAMI ,male
\u0633\u0627\u0645\u064a ,male
SAMIA,female
\u0633\u0627\u0645\u064a\u0629 ,female
SAMINA,female
\u062b\u0645\u064a\u0646\u0629 ,female
SAMIR ,male
\u0633\u0645\u064a\u0631 ,male
SAMIRA,female
\u0633\u0645\u064a\u0631\u0629 ,female
SAMIYA,female
\u0633\u0627\u0645\u064a\u0629 ,female
SANA,female
\u0633\u0646\u0627\u0621 ,female
SANAA ,female
\u0633\u0646\u0627\u0621 ,female
SANI,male
\u0633\u0646\u064a\u0651 ,male
SANIYYA,female
\u0633\u0646\u064a\u0651\u0629 ,female
SANYA ,female
\u0633\u0646\u064a\u0651\u0629 ,female
SARA,female
\u0633\u0627\u0631\u0629 ,female
SARAH,female
\u0633\u0627\u0631\u0629 ,female
SAWSAN,female
\u0633\u0648\u0633\u0646 ,female
SAYYID,male
\u0633\u064a\u0651\u062f ,male
SAYYIDA,female
\u0633\u064a\u0651\u062f\u0629 ,female
SELIMA,female
\u0633\u0644\u064a\u0645\u0629 ,female
SHAD ,male
\u0634\u0627\u062f ,male
SHADI ,male
\u0634\u0627\u062f\u064a ,male
SHADIYA,female
\u0634\u0627\u062f\u064a\u0629 ,female
SHADYA,female
\u0634\u0627\u062f\u064a\u0629 ,female
SHAFAQAT,male
\u0634\u0641\u0642\u0629 ,male
SHAFIQ,male
\u0634\u0641\u064a\u0642 ,male
SHAFIQA,female
\u0634\u0641\u064a\u0642\u0629 ,female
SHAHD,female
\u0634\u0647\u062f ,female
SHAHID,male
\u0634\u0627\u0647\u062f ,male
SHAHIRA,female
\u0634\u0647\u064a\u0631\u0629 ,female
SHAHNAZ,female
\u0634\u0647\u0646\u0627\u0632 ,female
SHAHRAZAD,female
\u0634\u0647\u0631\u0632\u0627\u062f ,female
SHAHRIZAD,female
\u0634\u0647\u0631\u0632\u0627\u062f ,female
SHAHZAD,male
\u0634\u0647\u0632\u0627\u062f ,male
SHAIMAA,female
\u0634\u064a\u0645\u0627\u0621 ,female
SHAKEEL,male
\u0634\u0643\u064a\u0644 ,male
SHAKIL,male
\u0634\u0643\u064a\u0644 ,male
SHAKILA,female
\u0634\u0643\u064a\u0644\u0629 ,female
SHAKIR,male
\u0634\u0627\u0643\u0631 ,male
SHAKIRA,female
\u0634\u0627\u0643\u0631\u0629 ,female
SHAKUR,male
\u0634\u0643\u0648\u0631 ,male
SHAKURA,female
\u0634\u0643\u0648\u0631\u0629 ,female
SHAM'A,female
\u0634\u0645\u0639\u0629 ,female
SHAMS AL-DIN,male
\u0634\u064e\u0645\u0633 \u0627\u0644\u062f\u064a\u0646 ,male
SHAMSUDDIN,male
\u0634\u064e\u0645\u0633 \u0627\u0644\u062f\u064a\u0646 ,male
SHAREEF,male
\u0634\u0631\u064a\u0641 ,male
SHARIAH,male
\u0634\u0631\u064a\u0639\u0629 ,male
SHARIF,male
\u0634\u0631\u064a\u0641 ,male
SHARIFA,female
\u0634\u0631\u064a\u0641\u0629 ,female
SHARIFAH,female
\u0634\u0631\u064a\u0641\u0629 ,female
SHAYMA,female
\u0634\u064a\u0645\u0627\u0621 ,female
SHAZI,female
\u0634\u0630\u064a\u0651 ,female
SHERIF,male
\u0634\u0631\u064a\u0641 ,male
SHIHAB,male
\u0634\u0647\u0627\u0628 ,male
SHUKRI,male
\u0634\u0643\u0631\u064a\u0651 ,male
SHUKRIYA,female
\u0634\u0643\u0631\u064a\u0651\u0629 ,female
SHUKRIYYA,female
\u0634\u0643\u0631\u064a\u0651\u0629 ,female
SHULA,female
\u0634\u0639\u0644\u0629 ,female
SUHA,female
\u0633\u0647\u0627 ,female
SUHAIL,male
\u0633\u0647\u064a\u0644 ,male
SUHAILA,female
\u0633\u0647\u064a\u0644\u0629 ,female
SUHAYL,male
\u0633\u0647\u064a\u0644 ,male
SULAIMAN,male
\u0633\u0644\u064a\u0645\u0627\u0646 ,male
SULAYMAN,male
\u0633\u0644\u064a\u0645\u0627\u0646 ,male
SULTAN,male
\u0633\u0644\u0637\u0627\u0646 ,male
SULTANA,female
\u0633\u0644\u0637\u0627\u0646\u0629 ,female
SUMAYYA,female
\u0633\u0645\u064a\u0651\u0629 ,female
SURAYA,female
\u062b\u0631\u064a\u0651\u0629,female
 \u062b\u0631\u064a\u0651\u0627 ,female
SURAYYA,female
\u062b\u0631\u064a\u0651\u0629,female
 \u062b\u0631\u064a\u0651\u0627 ,female
TABASSUM,male
\u062a\u0628\u0633\u0651\u0645 ,male
TAHA,male
\u0637\u0647 ,male
TAHIR,male
\u0637\u0627\u0647\u0631 ,male
TAHIRA,female
\u0637\u0627\u0647\u0631\u0629 ,female
TAHMID,male
\u062a\u062d\u0645\u064a\u062f ,male
TAJ,male
\u062a\u0627\u062c ,male
TALAAT,male
\u0637\u064e\u0644\u0639\u064e\u062a ,male
TAL'AT,male
\u0637\u064e\u0644\u0639\u064e\u062a ,male
TALIB,male
\u0637\u0627\u0644\u0628 ,male
TALIBA,female
\u0637\u0627\u0644\u0628\u0629 ,female
TAMID,male
\u062a\u0645\u062f ,male
TAREK,male
\u0637\u0627\u0631\u0642 ,male
TARIK,male
\u0637\u0627\u0631\u0642 ,male
TARIQ,male
\u0637\u0627\u0631\u0642 ,male
TASNIM,female
\u062a\u0633\u0646\u064a\u0645 ,female
TAWFIQ,male
\u062a\u0648\u0641\u064a\u0642 ,male
TAYEB,male
\u0637\u064a\u0651\u0628 ,male
TAYYIB,male
\u0637\u064a\u0651\u0628 ,male
THAMINA,female
\u062b\u0645\u064a\u0646\u0629 ,female
THAMIR,male
\u062b\u0627\u0645\u0631 ,male
THANA,female
\u062b\u0646\u0627\u0621 ,female
THURAYYA,female
\u062b\u0631\u064a\u0651\u0629,female
 \u062b\u0631\u064a\u0651\u0627 ,female
TOUFIK,male
\u062a\u0648\u0641\u064a\u0642 ,male
TUBA,female
\u0637\u0648\u0628\u0649 ,female
TUFAYL,male
\u0637\u0641\u064a\u0644 ,male
UMAR,male
\u0639\u0645\u0631 ,male
USAMA,male
\u0623\u0633\u0627\u0645\u0629 ,male
USMAN,male
\u0639\u062b\u0645\u0627\u0646 ,male
UTHMAN,male
\u0639\u062b\u0645\u0627\u0646 ,male
UZMA,female
\u0639\u0638\u0645\u0649 ,female
WADUD,male
\u0648\u062f\u0648\u062f ,male
WAFAI,male
\u0648\u0641\u0627\u0626\u064a ,male
WAFI,male
\u0648\u0641\u064a ,male
WAFIYA,female
\u0648\u0641\u064a\u0651\u0629 ,female
WAHEED,male
\u0648\u062d\u064a\u062f ,male
WAHEEDA,female
\u0648\u062d\u064a\u062f\u0629 ,female
WAHID,male
\u0648\u062d\u064a\u062f ,male
WAHIDA,female
\u0648\u062d\u064a\u062f\u0629 ,female
WALID,male
\u0648\u0644\u064a\u062f ,male
WAQAR,male
\u0648\u0642\u0627\u0631 ,male
WASI,male
\u0648\u0627\u0633\u0639 ,male
WASIM,male
\u0648\u0633\u064a\u0645 ,male
WASSIM,male
\u0648\u0633\u064a\u0645 ,male
WIDAD,female
\u0648\u062f\u0627\u062f ,female
YAHYA,male
\u064a\u062d\u064a\u0649 ,male
YAKUB,male
\u064a\u0639\u0642\u0648\u0628 ,male
YAQOOB,male
\u064a\u0639\u0642\u0648\u0628 ,male
YAQUB,male
\u064a\u0639\u0642\u0648\u0628 ,male
YASER,male
\u064a\u0627\u0633\u0631 ,male
YASIN,male
\u064a\u0627\u0633\u064a\u0646 ,male
YASIR,male
\u064a\u0627\u0633\u0631 ,male
YASMEEN,female
\u064a\u0633\u0645\u064a\u0646 ,female
YASMIN,female
\u064a\u0633\u0645\u064a\u0646 ,female
YASMINE,female
\u064a\u0633\u0645\u064a\u0646 ,female
YASSER,male
\u064a\u0627\u0633\u0631 ,male
YOUSEF,male
\u064a\u0648\u0633\u0641 ,male
YOUSSEF,male
\u064a\u0648\u0633\u0641 ,male
YUHANNA,male
\u064a\u0648\u062d\u0646\u0651\u0627 ,male
YUNUS,male
\u064a\u0648\u0646\u0633 ,male
YUSEF,male
\u064a\u0648\u0633\u0641 ,male
YUSHUA,male
\u064a\u0648\u0634\u0639 ,male
YUSRA,female
\u064a\u0633\u0631\u0649 ,female
YUSUF,male
\u064a\u0648\u0633\u0641 ,male
ZAAHIR ,male
\u0632\u0627\u0647\u0631 ,male
ZAAHIR ,male
\u0638\u0627\u0647\u0631 ,male
ZAAHIRA,female
\u0632\u0627\u0647\u0631\u0629 ,female
ZAHI,male
\u0632\u0627\u0647\u064a ,male
ZAHIA,female
\u0632\u0627\u0647\u064a\u0629 ,female
ZAHID,male
\u0632\u0627\u0647\u062f ,male
ZAHIDA,female
\u0632\u0627\u0647\u062f\u0629 ,female
ZAHIR,male
\u0638\u0647\u064a\u0631 ,male
ZAHIRA,female
\u0638\u0647\u064a\u0631\u0629 ,female
ZAHRA,female
\u0632\u0647\u0631\u0627\u0621 ,female
ZAHRAH,female
\u0632\u0647\u0631\u0629 ,female
ZAID,male
\u0632\u064a\u062f ,male
ZAIDA,female
ZAIN,male
\u0632\u064a\u0646 ,male
ZAINA,female
\u0632\u064a\u0646\u0629 ,female
ZAINAB,female
\u0632\u064a\u0646\u0628 ,female
ZAKARIA,male
\u0632\u064e\u0643\u064e\u0631\u0650\u064a\u0651\u0627 ,male
ZAKARIYA,male
\u0632\u064e\u0643\u064e\u0631\u0650\u064a\u0651\u0627 ,male
ZAKARIYYA,male
\u0632\u064e\u0643\u064e\u0631\u0650\u064a\u0651\u0627 ,male
ZAKI,male
\u0632\u0643\u064a\u0651 ,male
ZAKIAH,female
\u0630\u0643\u064a\u0651\u0629 ,female
ZAKIYA,female
\u0630\u0643\u064a\u0651\u0629 ,female
ZAKIYYA,female
\u0630\u0643\u064a\u0651\u0629 ,female
ZAMAN,male
\u0632\u0645\u0627\u0646 ,male
ZARAY,female
ZAYD,male
\u0632\u064a\u062f ,male
ZAYN,male
\u0632\u064a\u0646 ,male
ZAYNA,female
\u0632\u064a\u0646\u0629 ,female
ZAYNAB,female
\u0632\u064a\u0646\u0628 ,female
ZIA,male
\u0636\u064a\u0627\u0621 ,male
ZIAD,male
\u0632\u064a\u0627\u062f ,male
ZIAUDDIN,male
\u0636\u064a\u0627\u0621 \u0627\u0644\u062f\u064a\u0646 ,male
ZINAT,female
\u0632\u064a\u0646\u0629 ,female
ZIYA,male
\u0636\u064a\u0627\u0621 ,male
ZIYA AL-DIN,male
\u0636\u064a\u0627\u0621 \u0627\u0644\u062f\u064a\u0646 ,male
ZIYAD,male
\u0632\u064a\u0627\u062f ,male
ZUBAIDA,female
\u0632\u0628\u064a\u062f\u0629 ,female
ZULAYKHA,female
\u0632\u0644\u064a\u062e\u0627 ,female
ZULEKHA,female
\u0632\u0644\u064a\u062e\u0627 ,female
ZULFAQAR,male
\u0630\u0648 \u0627\u0644\u0641\u0642\u0627\u0631 ,male
ZULFIKAR,male
\u0630\u0648 \u0627\u0644\u0641\u0642\u0627\u0631 ,male
ZULFIQAR,male
\u0630\u0648 \u0627\u0644\u0641\u0642\u0627\u0631 ,male